event_date,transaction_id,purchased_product_skus,item_categories
20210101,9938479241,"9196735,9195949","Apparel,Apparel"
20210101,6737995895,"9196976,9196729,9198447,9188315,9195927,9195846","Campus Collection,New,Small Goods,Accessories,Accessories,Clearance"
20210101,463396072,"9184829,9196902,9199084,9195939,9196380,9195937,9196381,9185002,9197329","Writing Instruments,Stationery,,Office,Office,Office,Office,Office,Writing Instruments"
20210101,6847696673,"9199127,9180865,9194259,9184829,9196784,9188201,9195359,9195846,9196869,9196785,9200362,9188200,9188315,9195292","Shop by Brand,Office,Accessories,Writing Instruments,Small Goods,Office,Accessories,Clearance,New,,Shop by Brand,Office,Accessories,Drinkware"
20210101,3822890750,"9195959,9195830,9188228","Bags,Lifestyle,Google"
20210101,8695549122,"9195792,9196636,9195237","Apparel,Apparel,Apparel"
20210101,5860078581,"9196623,9196691,9196711,9195549,9197718","Apparel,Apparel,Apparel,Uncategorized Items,Bags"
20210101,9537139808,"9197366,9196859,9188200,9197368,9195292,9188201,9196894","Campus Collection,New,Office,Campus Collection,Drinkware,Office,Accessories"
20210101,3447887131,9195792,Apparel
20210101,3854722217,9195295,Accessories
20210101,6542146188,"9199220,9199220","Apparel,Apparel"
20210101,4145966325,9199204,Shop by Brand
20210101,2942981362,"9195846,9185002,9195845","Clearance,Office,Stationery"
20210102,2349823550,"9184829,9200364,9184831,9200320,9200322,9196866,9200321,9184830,9180865,9180819","Writing Instruments,Shop by Brand,Writing Instruments,Apparel,Apparel,New,Apparel,Writing Instruments,Office,Google"
20210102,2073562964,9200314,Shop by Brand
20210102,9181555608,"9196844,9184917,9196855","New,Uncategorized Items,New"
20210102,73704467,9195130,Apparel
20210102,9036595162,9200314,Shop by Brand
20210102,2588023335,9196717,Apparel
20210102,3742387801,"9196705,9199131,9188310,9184749","New,Shop by Brand,Accessories,Accessories"
20210102,4651548270,"9195249,9195130,9196782,9196862,9194990,9200362,9195966","Apparel,Apparel,New,New,Apparel,Shop by Brand,Accessories"
20210102,6788347646,"9200362,9195843,9188201,9188200","Shop by Brand,Stationery,Office,Office"
20210102,5768097016,"9196749,9195882,9194990","Apparel,Apparel,Apparel"
20210102,4256792636,9188229,Google
20210102,3799653663,9180825,Uncategorized Items
20210102,375298854,"9195968,9195967,9195966","Accessories,Accessories,Accessories"
20210103,9506043463,"9196959,9196953","Campus Collection,Campus Collection"
20210103,1034112530,9200199,Shop by Brand
20210103,3900385248,"9195968,9196864,9196764,9195295,9199126,9188221,9190330,9196654,9180818","Accessories,New,Apparel,Accessories,Shop by Brand,Bags,Apparel,Apparel,Office"
20210103,8895830668,9196960,Campus Collection
20210103,3408375107,9188201,Office
20210103,4381494671,9180818,Office
20210103,5815235392,9196895,Accessories
20210103,183062884,"9195292,9184866","Drinkware,Uncategorized Items"
20210103,582342950,"9180865,9196624,9188310,9196636,9195359,9195548","Office,Apparel,Accessories,Apparel,Accessories,Drinkware"
20210103,2321422855,9196621,Apparel
20210103,8103207185,9196866,New
20210103,3989453874,9197400,Campus Collection
20210103,1258061525,"9197603,9196728","Campus Collection,New"
20210104,3921571837,9195359,Accessories
20210104,6980204056,"9196741,9196849","Apparel,Apparel"
20210104,6247410008,"9197565,9197602","Campus Collection,Campus Collection"
20210104,903244069,9196710,Apparel
20210104,4954519074,9190330,
20210104,2919525387,"9196786,9196783,9194259","New,New,Accessories"
20210104,2292063223,"9188311,9188310,9180818,9197026","Accessories,Accessories,Office,Campus Collection"
20210104,6257212806,"9184858,9188229,9196783,9195797,9188192","Clearance,Google,New,Apparel,Apparel"
20210104,1033094742,"9199127,9197597,9197573,9197602,9196932,9197969","Shop by Brand,,Clearance,Campus Collection,Campus Collection,Campus Collection"
20210104,3688061322,"9194259,9196870,9197373,9188315,9196862,9199082,9196860,9199084,9184831","Accessories,Clearance,Apparel,Accessories,New,Bags,New,Google,Writing Instruments"
20210104,5766200021,9195359,Accessories
20210104,9474933943,"9195551,9196953","Uncategorized Items,Campus Collection"
20210104,2988139338,"9196621,9184912,9195195","Apparel,Apparel,Apparel"
20210104,5368378013,"9180825,9180827,9195967","Uncategorized Items,Uncategorized Items,Accessories"
20210104,9355353884,9195830,Lifestyle
20210104,9946612133,"9185150,9195959","Uncategorized Items,Bags"
20210105,5644514431,9196717,Apparel
20210105,1760361152,9188192,
20210105,1170135247,9197718,Bags
20210105,5235745583,9195130,Apparel
20210105,429368158,9195292,Drinkware
20210105,8200614957,"9196711,9195827,9195130,9188208","Apparel,Apparel,Apparel,Bags"
20210105,6212563615,9195830,Lifestyle
20210105,9818645614,9190330,Apparel
20210105,4855690108,9188192,Apparel
20210105,4650560576,9200323,Apparel
20210105,6841135978,9196729,New
20210105,3787073366,9188192,Apparel
20210105,9220829238,"9196635,9196636","Apparel,Apparel"
20210105,2659528811,"9196900,9199127","Bags,Shop by Brand"
20210105,1798344642,"9184856,9196863,9188256","Clearance,Clearance,"
20210105,6350132770,9196950,Campus Collection
20210105,5530062598,9188221,Bags
20210105,3019900598,9195948,Apparel
20210105,2847456544,"9188227,9188227","Bags,Bags"
20210105,748193825,9196731,Apparel
20210105,2683238987,9196652,New
20210105,863004497,9196602,Apparel
20210105,8711705095,9195012,Apparel
20210105,5776369993,"9196872,9196864,9196999","Clearance,New,Campus Collection"
20210105,8518296394,9200364,Shop by Brand
20210105,1546887661,"9196951,9195945","Campus Collection,Bags"
20210105,2483123861,"9196901,9195295,9200344,9195548,9195292,9195830","Drinkware,Accessories,Shop by Brand,Drinkware,Drinkware,Lifestyle"
20210106,4125783967,9196614,Apparel
20210106,8696920858,9196664,Apparel
20210106,8813704877,9196832,Apparel
20210106,1671328700,"9188192,9196854","Apparel,New"
20210106,8697460126,"9196907,9196922,9195927,9195959","Apparel,Campus Collection,Accessories,Bags"
20210106,3863050117,9195195,Apparel
20210106,7901505928,9196616,Apparel
20210106,7725461121,9196613,Apparel
20210106,7714801655,9195359,Accessories
20210106,1085341386,9196779,
20210106,1950908043,"9198447,9196857","Small Goods,New"
20210106,4384748877,"9197992,9196649,9196902,9184830","Shop by Brand,Apparel,Stationery,Writing Instruments"
20210106,8879317610,"9195968,9196644,9199224,9200321,9195238,9196693","Accessories,Apparel,Drinkware,Apparel,Apparel,Apparel"
20210106,4626168744,9196616,Apparel
20210106,4118671660,"9196695,9195228,9196621,9195968,9200321,9199224","Apparel,Apparel,Apparel,Accessories,Apparel,Drinkware"
20210106,6357508833,9195830,Lifestyle
20210106,9647378893,9196602,Apparel
20210106,7131195493,"9197015,9197004,9197026,9195742","Campus Collection,Campus Collection,Campus Collection,Apparel"
20210106,5610307054,"9196862,9196999,9196977,9196861","New,Campus Collection,Campus Collection,New"
20210106,925838840,"9195842,9195937,9196860,9196270,9199082,9195942,9196862,9196269","Stationery,Office,New,Small Goods,Bags,Bags,New,Shop by Brand"
20210106,357307090,9195195,Apparel
20210106,1927808035,"9195830,9195548","Lifestyle,"
20210106,6959922716,"9180818,9200362,9200364,9200321","Office,Shop by Brand,Shop by Brand,Apparel"
20210106,4636469283,"9199129,9199130,9196614,9195739,9195792","Shop by Brand,Shop by Brand,Apparel,Apparel,Apparel"
20210106,3625289612,"9194259,9196786,9188315,9180819,9188221,9185002,9195942","Accessories,New,Accessories,Google,Bags,Office,Bags"
20210106,9004220447,9196752,Apparel
20210106,6749480053,"9185002,9196846","Office,New"
20210106,4641928091,"9188310,9180819,9190330,9200322","Accessories,Google,Apparel,Apparel"
20210106,7458447242,"9188315,9200316,9188192,9188228,9180819","Accessories,Shop by Brand,Apparel,Google,Google"
20210106,5096397892,"9195792,9197974,9180825,9180827,9184988,9180819","Apparel,Campus Collection,Uncategorized Items,Uncategorized Items,Accessories,Google"
20210106,1667189079,"9196433,9196642,9196427,9196412,9185150,9196414,9196699,9196428,9200364,9196638,9200316","Apparel,Apparel,Apparel,Apparel,Uncategorized Items,Apparel,Apparel,Apparel,,Apparel,Shop by Brand"
20210107,8939795375,9195830,Lifestyle
20210107,4820877956,9197992,Shop by Brand
20210107,3376237212,9198447,Small Goods
20210107,2804391906,9190330,Apparel
20210107,273675698,"9196665,9196872","Apparel,Clearance"
20210107,6670387115,"9188201,9180819,9180865,9200323","Office,Google,Office,Apparel"
20210107,5808358290,9195830,Lifestyle
20210107,9521543289,9199131,Shop by Brand
20210107,1197294933,"9188229,9197993","Google,Shop by Brand"
20210107,8632682180,9196717,Apparel
20210107,6950053920,9196407,Apparel
20210107,5487876660,"9196664,9196663","Apparel,Apparel"
20210107,5027596371,"9196759,9196758","Apparel,Apparel"
20210107,9437580169,"9195200,9185160","Apparel,Uncategorized Items"
20210107,2333118046,"9188201,9195911,9199084,9197560,9197586","Office,Apparel,Google,Clearance,Campus Collection"
20210107,6497038083,"9197004,9196443,9196440,9196862,9188311,9197005,9185002,9197003,9196902","Campus Collection,Apparel,Apparel,New,Accessories,Campus Collection,Office,Campus Collection,Stationery"
20210107,4466743446,9200199,Shop by Brand
20210107,9963710857,"9188315,9180819,9196785,9196862","Accessories,Google,New,New"
20210107,2642684277,"9190330,9195949,9195941,9198448,9195937,9195912,9195936","Apparel,Apparel,Bags,Small Goods,Office,Apparel,Stationery"
20210107,948433917,"9195971,9194259",",Accessories"
20210107,3562087857,"9188227,9200364","Bags,Shop by Brand"
20210107,4070754043,"9196921,9196849,9194259","Campus Collection,Apparel,Accessories"
20210107,7083688017,"9180867,9180823,9188229,9195959,9188192","Shop by Brand,Fun,Google,Bags,Apparel"
20210108,7961005053,9185002,Office
20210108,134498529,9184916,Uncategorized Items
20210108,7084873807,9196849,Apparel
20210108,636096243,"9200344,9196785","Shop by Brand,New"
20210108,8959710562,"9180819,9188221,9196711","Google,Bags,Apparel"
20210108,2843658504,9196664,Apparel
20210108,3868235778,9196617,Apparel
20210108,3446073010,9196734,Apparel
20210108,9608077473,9195296,Accessories
20210108,9645045255,"9196440,9200199","Apparel,Shop by Brand"
20210108,775681598,"9197367,9197368","Campus Collection,Campus Collection"
20210108,562741271,9195359,Accessories
20210108,9352017436,9196652,New
20210108,1630184917,9188233,Accessories
20210108,9694592358,"9197391,9196959","Clearance,Campus Collection"
20210108,8518913982,"9197586,9196663,9196616","Campus Collection,Apparel,Apparel"
20210108,9056292107,"9195846,9199084,9196413,9196380,9199129","Clearance,Google,Apparel,Office,Shop by Brand"
20210108,6532891180,9196664,Apparel
20210108,8215082470,"9197379,9197392","Clearance,Clearance"
20210108,5612457081,9200199,Shop by Brand
20210108,6294098065,9180819,Google
20210108,1326868279,"9200324,9200362","Apparel,"
20210108,6141825359,"9195830,9194259","Lifestyle,Accessories"
20210108,5686885154,"9185155,9196706","Uncategorized Items,New"
20210108,2331347520,"9196614,9195292,9180819","Apparel,Drinkware,Google"
20210108,2285114821,"9180865,9195359,9200364,9188310","Office,Accessories,Shop by Brand,Accessories"
20210108,8174569580,9200320,Apparel
20210108,2781303112,9199129,Shop by Brand
20210108,9151123087,"9196896,9196706","Accessories,New"
20210108,2273306842,"9196848,9196875","Apparel,New"
20210108,3537988325,"9197420,9197347,9197405,9180823,9196962","Clearance,Clearance,Clearance,Fun,Campus Collection"
20210109,7899745278,9184917,Uncategorized Items
20210109,4230909105,"9180818,9200324","Office,Apparel"
20210109,2426550616,"9196636,9196710,9195292,9196907,9200364,9196663,9195226","Apparel,Apparel,Drinkware,Apparel,Shop by Brand,Apparel,Apparel"
20210109,5427885245,9196742,Apparel
20210109,2099830827,"9196953,9196764","Campus Collection,Apparel"
20210109,1846770842,"9195548,9197004,9196384,9197586,9196922,9197569","Drinkware,Campus Collection,Drinkware,Campus Collection,Campus Collection,Campus Collection"
20210109,4496502210,"9196801,9184749,9188310,9197569,9195791,9195548,9197586,9197993,9196636","Clearance,Accessories,Accessories,Campus Collection,Apparel,Drinkware,Campus Collection,Shop by Brand,Apparel"
20210109,9178072777,9196614,Apparel
20210109,3888478875,"9196614,9197400","Apparel,Campus Collection"
20210109,8068887879,"9188310,9188311","Accessories,Accessories"
20210109,3727561211,"9195130,9195959,9195292","Apparel,Bags,Drinkware"
20210109,6856263233,9196614,Apparel
20210109,633884287,"9195941,9195549,9196602","Bags,Uncategorized Items,Apparel"
20210109,9512393168,"9196433,9188197,9196832,9198448","Apparel,Electronics Accessories,Apparel,Small Goods"
20210109,7615008057,"9188315,9196628,9184913,9188231,9196384,9196706","Accessories,Apparel,Apparel,Office,Drinkware,New"
20210109,9416009592,"9195798,9188201","Apparel,Office"
20210109,8236383212,"9195802,9196929","Apparel,Campus Collection"
20210109,1656748583,"9195292,9200319","Drinkware,Apparel"
20210109,362288800,"9197356,9196443,9195745,9196275","Clearance,Apparel,Apparel,Apparel"
20210110,1038511227,9199131,Shop by Brand
20210110,7917924394,9196761,Apparel
20210110,8506939996,9196721,Apparel
20210110,3814804865,"9196951,9188310,9188311,9196953,9196949,9196384","Campus Collection,Accessories,Accessories,Campus Collection,Campus Collection,Drinkware"
20210110,300055208,9184916,Uncategorized Items
20210110,700909054,"9200320,9196269,9200322,9197356,9180819,9195294","Apparel,Shop by Brand,Apparel,Clearance,Google,Accessories"
20210110,1345081901,"9180819,9188221,9188200,9188314,9195842,9196269,9197992,9197567,9184829,9180865","Google,Bags,Office,Accessories,Stationery,Shop by Brand,Shop by Brand,Campus Collection,Writing Instruments,Office"
20210110,6754457469,9196664,Apparel
20210110,8473651069,9197813,Accessories
20210110,3696590260,9196901,Drinkware
20210110,4966290612,"9180826,9188310,9200710,9180827","Uncategorized Items,Accessories,Lifestyle,Uncategorized Items"
20210110,8336569678,"9195140,9196383,9199082","Bags,Drinkware,Bags"
20210110,741651606,"9180819,9196384,9195835,9188201,9200344,9196785,9180818,9200362","Google,Drinkware,Lifestyle,Office,Shop by Brand,New,Office,Shop by Brand"
20210110,6844954855,9196383,Drinkware
20210111,7357789188,"9195842,9188201,9195934","Stationery,Office,Office"
20210111,9881246273,"9196608,9184980,9196737,9195796,9200324","Apparel,Notebooks & Journals,Clearance,Apparel,Apparel"
20210111,2821207404,9197414,Clearance
20210111,8928606721,9195140,Bags
20210111,7103053437,9195131,Apparel
20210111,7135087482,"9197759,9197759","Bags,Bags"
20210111,904355357,"9200321,9200322","Apparel,Apparel"
20210111,2087527300,9184980,Notebooks & Journals
20210111,4119452554,9200199,Shop by Brand
20210111,6711207126,9200199,Shop by Brand
20210111,5967125240,9197368,Campus Collection
20210111,4813973658,"9196862,9188201,9196859","New,Office,New"
20210111,3782647813,"9200600,9196681,9196642","Lifestyle,Apparel,Apparel"
20210111,5879586753,9195267,Bags
20210111,8379673473,9196616,Apparel
20210111,1999927370,"9196621,9196647","Apparel,Apparel"
20210111,2462034469,"9200321,9196616","Apparel,Apparel"
20210111,5649569473,"9195936,9195846,9200364,9188227","Stationery,Clearance,Shop by Brand,Bags"
20210111,9957783336,"9195913,9197567,9184916,9196638","Apparel,Campus Collection,Uncategorized Items,Apparel"
20210111,535310742,"9195359,9195971","Accessories,Accessories"
20210111,7463222749,"9196875,9197398","New,Campus Collection"
20210111,8058034514,"9196384,9188310,9196895","Drinkware,Accessories,Accessories"
20210111,9630141287,"9196432,9180823","Apparel,Fun"
20210111,7316135510,"9197706,9180865","Clearance,Office"
20210111,1876298751,"9197597,9197579,9197586","Clearance,Clearance,Campus Collection"
20210111,283441132,"9199130,9196805,9196636,9197993,9196812,9196663","Shop by Brand,Apparel,Apparel,Shop by Brand,Apparel,Apparel"
20210112,8836789926,9195830,Lifestyle
20210112,5750154939,9196663,Apparel
20210112,8887858871,9196663,Apparel
20210112,4894261686,"9196733,9195830","Apparel,Lifestyle"
20210112,4179731425,"9195712,9197004,9200321","Apparel,Campus Collection,Apparel"
20210112,8026074190,"9196691,9196862,9196743,9180818,9200362,9196977,9196902,9195962,9185002,9196978,9196451,9196727,9196859","Apparel,New,Apparel,Office,Shop by Brand,Campus Collection,Stationery,New,Office,Campus Collection,Apparel,New,New"
20210112,8835034612,9196649,Apparel
20210112,3176469473,9200320,Apparel
20210112,9922393157,9199130,Shop by Brand
20210112,531917930,9195031,Drinkware
20210112,5586044603,"9195971,9195830","Accessories,Lifestyle"
20210112,9659606868,"9195912,9196649","Apparel,Apparel"
20210112,2386732485,"9180865,9196949,9184829,9196951","Office,Campus Collection,Writing Instruments,Campus Collection"
20210112,5512850740,"9197004,9194259,9197015,9188197","Campus Collection,Accessories,Campus Collection,Electronics Accessories"
20210112,4943393507,"9200362,9200318,9195844,9200600,9196427","Shop by Brand,Apparel,Stationery,Lifestyle,Apparel"
20210112,1391646082,"9196909,9196712,9196624,9196814,9196383,9195548","Apparel,Apparel,Apparel,Apparel,Drinkware,Drinkware"
20210112,5267360003,9199084,Google
20210112,3685150546,9196648,Apparel
20210112,2575822764,9195292,Drinkware
20210112,8949333,9184842,Clearance
20210112,5579104024,9196614,Apparel
20210112,802523661,9185002,Office
20210112,9423717293,9200319,Apparel
20210112,1864850259,"9195296,9199132","Accessories,Shop by Brand"
20210112,3444315146,"9195936,9200319,9200320","Stationery,Apparel,Apparel"
20210112,3490648793,"9196652,9196644,9195226,9196926","New,Apparel,Apparel,Campus Collection"
20210112,1392637557,9196608,Apparel
20210112,1403210420,9184850,Clearance
20210112,3545014224,9196729,New
20210112,3739502789,9195292,Drinkware
20210112,9898236403,9195292,Drinkware
20210112,4280785450,"9196617,9196636,9200364,9196693,9195227,9188315,9195130,9196785","Apparel,Apparel,Shop by Brand,Apparel,Apparel,Accessories,Apparel,New"
20210112,5235218746,"9185002,9188200,9190330,9196867,9196270,9198447,9188207,9200320,9188197,9188201","Office,Office,Apparel,Clearance,Small Goods,Small Goods,Accessories,Apparel,Electronics Accessories,Office"
20210112,2032969195,9196275,Apparel
20210112,8551199682,9196717,Apparel
20210112,331124337,9195292,Drinkware
20210112,8487465932,"9196811,9197962","Apparel,Campus Collection"
20210112,4415203693,"9197992,9185002,9195936,9197718","Shop by Brand,Office,Stationery,Bags"
20210112,9876586380,9199130,Shop by Brand
20210112,4961072507,9195130,Apparel
20210112,1826881991,9196862,New
20210112,4909159521,"9195130,9196649","Apparel,Apparel"
20210112,6111426636,"9196652,9196922","New,Campus Collection"
20210112,7795694884,"9196275,9196784","Apparel,Small Goods"
20210112,6104796955,"9196862,9196864,9196858","New,New,Clearance"
20210112,1636706795,"9195913,9200600,9180819,9188201,9190330,9180865,9195936,9195359,9184830","Apparel,Lifestyle,Google,Office,Apparel,Office,Stationery,Accessories,Writing Instruments"
20210113,5207848436,9196648,Apparel
20210113,3351772341,9196801,Clearance
20210113,3866489330,"9196862,9196738","New,New"
20210113,7349333745,"9195880,9188210","Apparel,Bags"
20210113,5065853430,"9196867,9184866,9184842,9197968,9184858","Clearance,Uncategorized Items,Clearance,Campus Collection,Clearance"
20210113,2689800585,"9195292,9196856,9184829,9180827,9196269,9196868,9195968","Drinkware,Clearance,Writing Instruments,Uncategorized Items,Shop by Brand,New,Accessories"
20210113,1168671571,"9196635,9180865,9196716,9196784,9197992,9188198,9188200,9185002","Apparel,Office,Apparel,Small Goods,Shop by Brand,Accessories,Office,Office"
20210113,5394954307,9196413,Apparel
20210113,4155296850,9196662,Apparel
20210113,1998152239,"9195927,9196275,9200320,9200362","Accessories,Apparel,Apparel,"
20210113,2377758698,"9195846,9180819,9184749,9184830,9197423,9200321","Clearance,Google,Accessories,Writing Instruments,Campus Collection,Apparel"
20210113,4550164848,9196615,Apparel
20210113,1150956754,9196648,Apparel
20210113,1159311346,9195971,Accessories
20210113,636956395,"9188264,9184850,9197985","Uncategorized Items,Clearance,Campus Collection"
20210113,2132089979,"9194259,9184831,9184830","Accessories,Writing Instruments,Writing Instruments"
20210113,5572738481,"9195959,9196636,9195359,9195292","Bags,,Accessories,Drinkware"
20210113,4384094578,"9197426,9196785,9196269,9188233,9184749,9195130","Campus Collection,New,Shop by Brand,Accessories,Accessories,Apparel"
20210113,6295151126,9196275,Apparel
20210113,3200470712,9196616,Apparel
20210113,8357718764,9196602,Apparel
20210113,4791716192,9196849,Apparel
20210113,1092309904,"9195780,9196711","Apparel,Apparel"
20210113,3558273849,"9184917,9195882,9196814,9197357","Uncategorized Items,Apparel,Apparel,Clearance"
20210113,1530169487,9196648,Apparel
20210113,7765456782,9196647,Apparel
20210113,6123355003,9200322,Apparel
20210113,6143865692,"9180865,9196862","Office,New"
20210113,3856166087,"9185002,9196269,9195937","Office,Shop by Brand,Office"
20210113,924529089,9195031,Drinkware
20210113,3872109131,9196663,Apparel
20210113,9295473858,9196615,
20210113,1793796616,9196755,Apparel
20210113,8670704018,"9184830,9196785,9188234,9196269","Writing Instruments,New,Apparel,Shop by Brand"
20210114,2713492860,9200320,Apparel
20210114,4196395353,9196652,New
20210114,8939463680,"9195934,9196415","Office,Apparel"
20210114,6261183216,"9197563,9197586,9196724,9197569,9197581","Clearance,Campus Collection,Apparel,Campus Collection,Clearance"
20210114,7306736466,"9195130,9195131,9196645,9196767,9196769,9196649,9196768,9196646","Apparel,Apparel,Apparel,Apparel,Apparel,Apparel,Apparel,Apparel"
20210114,9358222719,"9195946,9200316,9195845,9195842,9195844,9195936,9195847,9196858,9180865,9195843,9188233","Bags,Shop by Brand,Stationery,Stationery,Stationery,Stationery,Stationery,Clearance,Office,Stationery,Accessories"
20210114,132370011,9196647,Apparel
20210114,4932824228,9196652,New
20210114,2033753400,9200710,Lifestyle
20210114,5974818329,9196711,Apparel
20210114,2638824949,9196841,Apparel
20210114,752369086,9196647,Apparel
20210114,7723200866,"9196661,9196663","Apparel,Apparel"
20210114,9609702319,"9196782,9195031","New,Drinkware"
20210114,9527218814,"9184912,9196627","Apparel,Apparel"
20210114,2214304411,"9197568,9197569,9196705,9180826,9180867,9195294,9195548","Campus Collection,Campus Collection,New,Uncategorized Items,Shop by Brand,Accessories,Drinkware"
20210114,7310054236,"9197398,9197947,9197366,9197946,9197585,9197567,9197003,9197348,9196943,9197004,9196949","Campus Collection,,Campus Collection,Campus Collection,Campus Collection,Campus Collection,Campus Collection,,Campus Collection,Campus Collection,Campus Collection"
20210114,410111968,9200320,Apparel
20210114,1998619945,9196617,Apparel
20210114,7214819096,"9196710,9195236","Apparel,Apparel"
20210114,1969860817,"9199129,9184866","Shop by Brand,Uncategorized Items"
20210114,2552095833,"9195830,9196389,9196452","Lifestyle,Bags,Apparel"
20210114,7078540587,"9196621,9190330,9184981","Apparel,Apparel,Lifestyle"
20210114,9445653801,"9196858,9195959,9180865,9188201,9188233","Clearance,Bags,Office,Office,Accessories"
20210114,7617834526,"9196849,9196802,9188230,9196798,9196845,9196855","Apparel,New,Lifestyle,New,New,New"
20210114,8156026107,"9195842,9180826,9196785,9184830,9188234,9180825,9197405,9195934,9200600,9184829,9180819,9196383,9184831,9198448","Stationery,Uncategorized Items,New,Writing Instruments,,Uncategorized Items,Clearance,Office,Lifestyle,Writing Instruments,Google,Drinkware,Writing Instruments,Small Goods"
20210114,3600731410,9196652,New
20210114,6003853781,9196758,Apparel
20210114,6317607491,9196616,Apparel
20210114,7166926818,9200322,Apparel
20210114,1560292731,9196939,Campus Collection
20210114,3971138926,"9190330,9199132","Apparel,Shop by Brand"
20210114,1162201686,"9196951,9199084,9196967","Campus Collection,Google,Campus Collection"
20210114,5900022807,"9196615,9180818,9188201,9196738,9196267,9180819,9188201,9196738,9196267,9180819,9180818,9196615","Apparel,Office,Office,New,New,Google,Office,New,New,Google,Office,Apparel"
20210114,4368822287,9196734,Apparel
20210114,5605613586,9196764,Apparel
20210114,9772644010,9196812,Apparel
20210114,7607019843,9196383,Drinkware
20210114,524478562,9188228,Google
20210114,4298050170,"9195830,9188198,9180865","Lifestyle,Accessories,Office"
20210114,2005891136,"9200362,9196729,9197016,9196978","Shop by Brand,New,Campus Collection,Campus Collection"
20210114,7181005350,"9188201,9195032,9184830,9184829,9200362","Office,,Writing Instruments,Writing Instruments,Shop by Brand"
20210114,8625257153,9180865,Office
20210114,6226270032,9195130,Apparel
20210114,4234932841,9197020,Campus Collection
20210114,9012790153,"9197026,9197004","Campus Collection,Campus Collection"
20210114,9999219962,"9196615,9199203,9196849","Apparel,Shop by Brand,Apparel"
20210114,2669334433,"9199203,9190330,9188234,9195949","Shop by Brand,Apparel,Apparel,Apparel"
20210115,2650686464,9196647,Apparel
20210115,6788993623,9195267,Bags
20210115,6181277571,9195941,Bags
20210115,9153817954,"9196653,9195130","New,Apparel"
20210115,4757713448,"9195292,9196384,9195936","Drinkware,Drinkware,Stationery"
20210115,6468768631,9196617,Apparel
20210115,1533762514,9196901,Drinkware
20210115,4844210993,9196615,Apparel
20210115,5421534525,"9195130,9199132","Apparel,Shop by Brand"
20210115,9715655391,"9196738,9196786,9180818,9195359,9196767,9180819","New,New,Office,Accessories,Apparel,Google"
20210115,851027023,9196615,Apparel
20210115,3609294095,9195742,Apparel
20210115,4170657813,9199084,Google
20210115,6513404011,"9197423,9196832","Campus Collection,Apparel"
20210115,7598824121,"9188315,9188201","Accessories,Office"
20210115,7431728764,"9188310,9184749,9184981","Accessories,Accessories,Lifestyle"
20210115,5487261931,"9195031,9180865,9200364,9188234","Drinkware,Office,Shop by Brand,Apparel"
20210115,617369583,"9184829,9194259,9184831,9188221,9184830","Writing Instruments,Accessories,Writing Instruments,Bags,Writing Instruments"
20210115,8995656036,9196648,Apparel
20210115,7439692432,9196647,Apparel
20210115,8229308905,9197719,Bags
20210115,8803970414,9196605,Apparel
20210115,4037175730,"9200314,9195032","Shop by Brand,Drinkware"
20210115,6790402898,"9180819,9195742,9196845","Google,Apparel,New"
20210115,4167438020,"9199131,9195835,9188233","Shop by Brand,Lifestyle,Accessories"
20210115,2309224890,"9195913,9196918,9184916","Apparel,Apparel,Uncategorized Items"
20210115,592434656,"9196628,9196709,9195946,9180819","Apparel,Apparel,Bags,Google"
20210115,6403257301,9196648,Apparel
20210115,7612708644,9196849,Apparel
20210115,1010713287,9196663,Apparel
20210115,3739786191,9196663,Apparel
20210115,2349842352,9196727,New
20210115,647655180,"9196384,9195295","Drinkware,Accessories"
20210115,7983356273,"9196652,9195359","New,Accessories"
20210115,4235898666,"9196922,9199130,9195295,9196652,9196433","Campus Collection,Shop by Brand,Accessories,New,Apparel"
20210115,9298972701,"9195731,9195971,9188315,9196867,9194259,9196786","Apparel,Accessories,Accessories,Clearance,Accessories,New"
20210115,4676285918,9196427,Apparel
20210115,1631848762,9196616,Apparel
20210115,3250146779,9195911,Apparel
20210115,2817591577,"9195937,9188315,9180865","Office,Accessories,Office"
20210115,3825833769,"9195941,9196429,9196652","Bags,Apparel,New"
20210115,7305983198,"9197426,9196862,9197719,9197946,9188310,9196785,9197759,9195292","Campus Collection,New,Bags,Campus Collection,Accessories,New,Bags,Drinkware"
20210116,4060707500,9196433,Apparel
20210116,2916999749,9196767,Apparel
20210116,2332215228,9196647,Apparel
20210116,8159931531,"9196724,9184981","Apparel,Lifestyle"
20210116,4095665308,"9180867,9197426","Shop by Brand,Campus Collection"
20210116,1953654233,"9188191,9195794","Drinkware,Apparel"
20210116,9338264612,"9196614,9196905,9185155","Apparel,Apparel,Uncategorized Items"
20210116,3009645205,"9195131,9196638,9195292","Apparel,Apparel,Drinkware"
20210116,9690462388,"9195967,9197974,9196663,9195966","Accessories,Campus Collection,Apparel,Accessories"
20210116,8076704447,"9196652,9196653","New,New"
20210116,5427959922,"9196381,9196380","Office,Office"
20210116,3980232108,"9196617,9196629,9196647,9188234,9190330","Apparel,Apparel,Apparel,Apparel,Apparel"
20210116,1117911815,9196652,New
20210116,5021951306,9185146,Uncategorized Items
20210116,4159477087,"9200320,9200320","Apparel,Apparel"
20210116,5550824377,9196859,New
20210116,7010333282,9200321,Apparel
20210116,6192298319,"9195959,9188229,9196862,9195945,9196858,9196687,9195016","Bags,Google,New,Bags,Clearance,Apparel,Apparel"
20210116,7500240429,"9194259,9195835,9188197","Accessories,Lifestyle,Electronics Accessories"
20210116,8201202929,9184979,Notebooks & Journals
20210116,9880639590,"9196452,9200199","Apparel,Shop by Brand"
20210116,1169489727,"9195251,9196832","Apparel,Apparel"
20210116,3628356117,"9200319,9200600,9196384,9200344","Apparel,Lifestyle,Drinkware,Shop by Brand"
20210117,9261479607,9196629,Apparel
20210117,5735981646,"9180827,9180825","Uncategorized Items,Uncategorized Items"
20210117,1958324476,9195936,
20210117,4096587955,9195129,Apparel
20210117,4484983022,"9196845,9188310","New,Accessories"
20210117,2040312823,9196646,Apparel
20210117,4438967696,"9195949,9195948,9190330","Apparel,Apparel,Apparel"
20210117,8819089634,"9195292,9196383,9195548","Drinkware,Drinkware,Drinkware"
20210117,1298651805,9196647,Apparel
20210117,7907276915,"9196383,9195032","Drinkware,Drinkware"
20210117,5959603139,"9196665,9188234","Apparel,Apparel"
20210117,3965111086,"9195296,9195295","Accessories,Accessories"
20210118,7600438409,9195131,Apparel
20210118,9120142276,9188233,Accessories
20210118,7485447251,9196765,Apparel
20210118,4794980968,9196733,Apparel
20210118,7086607989,9196736,Apparel
20210118,9318434495,"9195244,9196433","Apparel,Apparel"
20210118,2549979,"9196268,9196738,9196723,9196616","New,New,Apparel,Apparel"
20210118,8150146021,9188207,Accessories
20210118,9570840426,"9196615,9188234","Apparel,Apparel"
20210118,9857459916,"9199220,9197004,9199737,9197720,9195712","Apparel,Campus Collection,Apparel,Bags,Apparel"
20210118,4913438430,"9195847,9195843,9188201,9195845,9195842,9195844,9195934,9195846,9188200","Stationery,Stationery,Office,Stationery,Stationery,Stationery,Office,Clearance,Office"
20210118,3387154412,9199220,Apparel
20210118,9373110341,"9195225,9196616,9195236,9195238,9195226","Apparel,Apparel,Apparel,Apparel,Apparel"
20210118,729427228,"9197946,9197585,9195941,9195846,9184831,9184981,9184829,9184830,9195548,9197567,9188310,9195908,9195937,9184749,9195909,9200316,9184979,9196943","Campus Collection,Campus Collection,Bags,Clearance,Writing Instruments,Lifestyle,Writing Instruments,Writing Instruments,Drinkware,Campus Collection,Accessories,Apparel,Office,Accessories,Apparel,Shop by Brand,Notebooks & Journals,Campus Collection"
20210118,8182501557,9188234,Apparel
20210118,3027552538,"9196967,9196967","Campus Collection,Campus Collection"
20210118,7850539664,"9195031,9188310,9196905,9195738","Drinkware,Accessories,Apparel,Apparel"
20210119,546573381,9196629,Apparel
20210119,4040031790,9195032,Drinkware
20210119,3599824560,"9196628,9196629","Apparel,Apparel"
20210119,8088015522,"9200600,9196412","Lifestyle,Apparel"
20210119,2164442984,"9196605,9197947,9196711","Apparel,Campus Collection,Apparel"
20210119,9496677262,"9195945,9195971,9196855,9196893,9194259","Bags,Accessories,New,Accessories,Accessories"
20210119,2122123283,"9195263,9197400,9196690,9195731,9195244","Apparel,Campus Collection,Apparel,Apparel,Apparel"
20210119,5739685580,"9196894,9196875,9199084,9196863,9196413,9196895,9188233","Accessories,New,Google,Clearance,Apparel,Accessories,Accessories"
20210119,4876286136,9188208,Bags
20210119,9670527011,9195250,Apparel
20210119,7829330178,9196738,New
20210119,4181866141,9200600,Lifestyle
20210119,3116933776,9196852,Apparel
20210119,3058433245,"9197814,9195831","Accessories,Lifestyle"
20210119,1537053403,"9195031,9180827,9195967","Drinkware,Uncategorized Items,Accessories"
20210119,1540197375,"9196733,9196933,9199079","Apparel,Campus Collection,Apparel"
20210119,4877457468,"9196766,9196771,9196770","Apparel,Apparel,Apparel"
20210119,7924063768,"9195738,9196425,9196847","Apparel,Apparel,Apparel"
20210119,5809677869,"9196676,9196664,9196428,9195292","New,Apparel,Apparel,Drinkware"
20210119,8897888983,"9188209,9196785,9195946,9180865,9195942","Bags,New,Bags,Office,Bags"
20210119,1506776176,"9180818,9180865,9188221,9196861,9197366,9197398","Office,Office,Bags,New,,Campus Collection"
20210119,1240454213,9196614,Apparel
20210119,9252037842,9195295,Accessories
20210119,5573529927,9195247,Apparel
20210119,7566669436,"9180865,9195296","Office,Accessories"
20210119,7342231807,"9184829,9200316,9195959","Writing Instruments,Shop by Brand,Bags"
20210119,2197604661,"9196764,9195208,9196858","Apparel,Apparel,Clearance"
20210119,5019764422,"9195130,9196617,9195292","Apparel,Apparel,Drinkware"
20210119,8013535395,"9188233,9195842,9196384","Accessories,Stationery,Drinkware"
20210119,1637444689,"9195207,9196803,9196782","Apparel,Apparel,New"
20210119,4637626915,"9181148,9181148,9181148,9181148,9181148,9181148,9181148,9181148,9181148,9181148,9181148,9181148","Gift Cards,Gift Cards,Gift Cards,Gift Cards,Gift Cards,Gift Cards,Gift Cards,Gift Cards,Gift Cards,Gift Cards,Gift Cards,Gift Cards"
20210119,3320888651,9195971,Accessories
20210119,245260373,"9196849,9196855,9195252","Apparel,New,Apparel"
20210119,4567343669,"9197586,9197603,9195971","Campus Collection,Campus Collection,Accessories"
20210119,2046053571,"9196855,9196854,9196875,9195739","New,New,New,Apparel"
20210119,3324748810,"9196421,9195971,9196412,9194259","Apparel,Accessories,Apparel,Accessories"
20210119,7479879671,"9197420,9197971","Clearance,Campus Collection"
20210119,4375718055,"9188315,9195244","Accessories,Apparel"
20210119,2501217929,"9196383,9196384","Drinkware,Drinkware"
20210119,3572946507,"9194259,9196727,9199127,9184829,9195846,9195250,9196380,9196902,9200362","Accessories,New,Shop by Brand,Writing Instruments,Clearance,Apparel,Office,Stationery,Shop by Brand"
20210119,1680465656,9195129,Apparel
20210119,6581143665,9195712,Apparel
20210119,6573792734,"9195032,9196382,9196615","Drinkware,Bags,Apparel"
20210119,1199588814,"9200344,9188201,9197810,9196383","Shop by Brand,Office,Bags,Drinkware"
20210119,890050672,"9195246,9198448,9196784,9188315,9199077,9195798","Apparel,Small Goods,Small Goods,Accessories,Apparel,Apparel"
20210120,192795406,9196615,Apparel
20210120,3778572544,9200199,Shop by Brand
20210120,4811209569,"9195132,9200710","Apparel,Lifestyle"
20210120,4383681275,"9200199,9198447","Shop by Brand,Small Goods"
20210120,733810968,"9196435,9195245","Apparel,Apparel"
20210120,6512079677,"9199082,9195792","Bags,Apparel"
20210120,4511670223,"9188310,9195908,9184749","Accessories,Apparel,Accessories"
20210120,497268824,"9188208,9200364,9195127","Bags,Shop by Brand,Apparel"
20210120,582830432,"9195211,9180819,9196429","Apparel,Google,Apparel"
20210120,4728261811,"9200344,9196723,9196848","Shop by Brand,Apparel,Apparel"
20210120,3379715862,"9196777,9196871,9195238","Apparel,New,Apparel"
20210120,3779126356,"9196419,9196848,9195548,9195835,9196868","Apparel,Apparel,Drinkware,Lifestyle,New"
20210120,2167772905,"9194259,9195359,9196949,9196785,9196786","Accessories,Accessories,Campus Collection,New,New"
20210120,4677462826,"9195213,9195359,9188233,9195835,9188234,9195132","Apparel,Accessories,Accessories,Lifestyle,Apparel,Apparel"
20210120,4142507300,"9196866,9196867,9196868,9184749,9195971,9185002,9184981","New,Clearance,New,Accessories,Accessories,Office,"
20210120,7211093640,"9180867,9184829,9195292,9195941,9180827,9180819,9195927,9184830,9196705,9197946,9196427,9188227,9188234,9184831,9188208,9188209,9197947,9195967,9184981,9188310,9180825","Shop by Brand,Writing Instruments,Drinkware,,Uncategorized Items,Google,Accessories,Writing Instruments,New,,Apparel,Bags,Apparel,Writing Instruments,Bags,Bags,Campus Collection,Accessories,Lifestyle,Accessories,Uncategorized Items"
20210120,9309060358,9195140,Bags
20210120,4675563206,9196605,Apparel
20210120,6348863541,9196769,Apparel
20210120,7288147726,9188234,Apparel
20210120,9981177708,9188229,Google
20210120,4365499799,"9196722,9196613","Apparel,Apparel"
20210120,8427151470,"9200319,9200316","Apparel,Shop by Brand"
20210120,6059805919,"9196663,9196917","Apparel,Apparel"
20210120,6986321295,"9196874,9196785,9188233","New,New,Accessories"
20210120,2325172527,"9200600,9188197,9196662","Lifestyle,Electronics Accessories,Apparel"
20210120,5034196052,"9196971,9195791,9196960,9196844","Campus Collection,Apparel,Campus Collection,New"
20210120,7153964510,"9196767,9195130,9196665,9196755","Apparel,Apparel,Apparel,Apparel"
20210120,5499500025,"9188201,9188315,9196862,9195830","Office,Accessories,New,Lifestyle"
20210120,4033551852,"9196616,9196738,9196832,9196734","Apparel,New,Apparel,Apparel"
20210120,2938827723,"9196389,9188233,9197720,9195945,9196382","Bags,Accessories,Bags,Bags,Bags"
20210120,7522632702,"9195971,9184866,9188233,9180867,9196412,9196727","Accessories,Clearance,Accessories,Shop by Brand,Apparel,New"
20210120,9874296040,"9196615,9200362,9196382,9196734,9196663,9196860","Apparel,Shop by Brand,Bags,Apparel,Apparel,New"
20210120,8241747000,"9196614,9197993,9188234,9196894,9196893,9196867","Apparel,Shop by Brand,Apparel,Accessories,Accessories,Clearance"
20210120,4157468043,"9195296,9184988,9188227,9196270,9184749,9198448","Accessories,Accessories,Bags,Small Goods,Accessories,Small Goods"
20210120,6923218188,"9195847,9196706,9199127,9195843,9184830,9195845,9197456,9196901,9195844,9195842","Stationery,New,Shop by Brand,Stationery,Writing Instruments,Stationery,Lifestyle,Drinkware,Stationery,Stationery"
20210120,107327479,"9195359,9188315,9196871,9188201,9180818,9188234,9195206,9195130,9200364,9200316,9188198,9180819,9196383,9188233,9199126,9188221,9200600,9194990","Accessories,Accessories,New,Office,Office,Apparel,Apparel,Apparel,Shop by Brand,Shop by Brand,Accessories,Google,Drinkware,Accessories,Shop by Brand,Bags,Lifestyle,Apparel"
20210120,9835534247,"9196615,9196615","Apparel,Apparel"
20210120,7951189277,9195245,Apparel
20210120,8953879795,9188192,Apparel
20210120,8718942647,9196655,Apparel
20210120,3673315676,9195712,Apparel
20210120,567452294,"9194259,9196617","Accessories,Apparel"
20210120,5267945608,"9196663,9196661","Apparel,Apparel"
20210120,3032055761,"9196663,9196615","Apparel,Apparel"
20210120,9809054869,"9188234,9200316,9195962","Apparel,Shop by Brand,New"
20210120,5170105513,"9197720,9196849,9195825","Bags,Apparel,Apparel"
20210120,4855170659,"9197412,9196412,9195971,9196848","Clearance,Apparel,Accessories,Apparel"
20210120,270636524,"9194259,9200710,9195971,9196784,9188315","Accessories,Lifestyle,Accessories,Small Goods,Accessories"
20210120,7560854477,"9200600,9196426,9196705,9195739,9195195,9180823,9180867,9196627","Lifestyle,Apparel,New,Apparel,Apparel,Fun,Shop by Brand,Apparel"
20210120,4606548006,9196770,Apparel
20210120,7089154993,9196664,Apparel
20210120,6874319684,9195244,Apparel
20210120,6765339887,"9195032,9195031","Drinkware,Drinkware"
20210120,1002355819,"9196832,9196433","Apparel,Apparel"
20210120,7709862740,"9188229,9196269,9196734","Google,Shop by Brand,Apparel"
20210120,5223149348,"9195835,9188221,9196652","Lifestyle,Bags,New"
20210120,431290031,"9195835,9200600,9188208","Lifestyle,Lifestyle,Bags"
20210120,9871376283,"9196413,9188233,9196741","Apparel,Accessories,Apparel"
20210120,3276357245,"9196923,9196964,9196895,9200316,9196939","Campus Collection,Campus Collection,Accessories,Shop by Brand,Campus Collection"
20210120,2664588939,"9196855,9195741,9188227,9196822,9195831","New,Apparel,Bags,Apparel,Lifestyle"
20210120,8912101328,"9196676,9199079,9195949,9188234,9196427,9196652","New,Apparel,Apparel,Apparel,Apparel,New"
20210120,8480274106,"9196443,9196427,9196652,9196653,9196433,9196858,9196425","Apparel,Apparel,New,New,Apparel,Clearance,Apparel"
20210120,9473468685,9195741,Apparel
20210120,5139983467,9196664,Apparel
20210120,1774262489,"9196605,9196602","Apparel,Apparel"
20210120,7891721670,"9194259,9196785","Accessories,New"
20210120,2072359252,"9197947,9196269,9196665","Campus Collection,Shop by Brand,Apparel"
20210120,1354911019,"9195739,9196628,9195208,9196811","Apparel,Apparel,Apparel,Apparel"
20210120,4416108967,"9188197,9197713,9188233,9196849,9197569,9188229","Electronics Accessories,Clearance,Accessories,Apparel,Campus Collection,Google"
20210120,5276482111,"9196652,9188315,9188197,9195032,9195835,9196653,9196676","New,Accessories,Electronics Accessories,Drinkware,Lifestyle,New,New"
20210120,1971813566,"9197993,9195267,9180865,9196943,9196921,9196728,9197946,9188310","Shop by Brand,Bags,Office,Campus Collection,Campus Collection,New,Campus Collection,Accessories"
20210120,7613681653,"9196380,9195835,9196863,9197456,9196858,9197993,9196875,9195941","Office,Lifestyle,Clearance,Lifestyle,Clearance,Shop by Brand,New,Bags"
20210120,9432735824,"9197368,9196922,9197586,9197603,9196427,9196413,9196856,9195962","Campus Collection,Campus Collection,Campus Collection,Campus Collection,Apparel,Apparel,Clearance,New"
20210120,688171546,9196848,Apparel
20210120,3312395490,9195549,Uncategorized Items
20210120,609939712,9196752,Apparel
20210120,5286594908,"9197456,9197968,9196776,9195835","Lifestyle,Campus Collection,Apparel,Lifestyle"
20210120,4938563816,"9195882,9195246,9198448,9180819","Apparel,Apparel,Small Goods,Google"
20210120,4485838257,"9184988,9199081,9196380,9196902","Accessories,Apparel,Office,Stationery"
20210120,3247692785,"9196856,9195914,9196922,9195919,9196723","Clearance,Apparel,Campus Collection,Apparel,Apparel"
20210120,5386105068,"9196802,9200600,9196901,9195831,9196784,9194259","New,Lifestyle,Drinkware,Lifestyle,Small Goods,Accessories"
20210120,8570058776,"9195842,9195843,9197026,9188233,9195244,9188229,9195844,9197004,9195936,9188228","Stationery,Stationery,Campus Collection,Accessories,Apparel,Google,Stationery,Campus Collection,Stationery,Google"
20210121,3515134575,"9195961,9196383,9194259","Lifestyle,Drinkware,Accessories"
20210121,6998356028,"9196614,9195739,9195731","Apparel,Apparel,Apparel"
20210121,7461842024,"9188234,9196727,9196706,9196856","Apparel,New,New,Clearance"
20210121,6333948097,"9184831,9184980,9188197,9188198,9199126,9188221,9197718","Writing Instruments,Notebooks & Journals,Electronics Accessories,Accessories,Shop by Brand,Bags,Bags"
20210121,9221535986,9185155,Uncategorized Items
20210121,6692504879,"9195248,9196648","Apparel,Apparel"
20210121,5934985703,"9200320,9185002,9200362","Apparel,Office,Shop by Brand"
20210121,6502558011,"9196615,9196653,9196733","Apparel,New,Apparel"
20210121,2231635776,"9180827,9196270,9194259,9196451,9195295","Uncategorized Items,Small Goods,Accessories,Apparel,Accessories"
20210121,329412590,"9197946,9197947,9196269,9184988,9196270","Campus Collection,Campus Collection,Shop by Brand,Accessories,Small Goods"
20210121,4941109892,"9197426,9196922,9200364,9188227,9197382,9195292,9188234,9196977","Campus Collection,Campus Collection,Shop by Brand,Bags,Clearance,Drinkware,,Campus Collection"
20210121,1766438320,"9188201,9184981,9195847,9188200,9185002,9200362,9195845,9195842,9199084,9184980","Office,Notebooks & Journals,Stationery,Office,Office,Shop by Brand,Stationery,Stationery,Google,Notebooks & Journals"
20210121,7856477484,9196647,Apparel
20210121,5538397594,9196711,Apparel
20210121,2111356310,"9188197,9188198","Electronics Accessories,Accessories"
20210121,8198378524,"9197946,9197955","Campus Collection,Campus Collection"
20210121,5264860321,"9195126,9196661","Apparel,Apparel"
20210121,6914407968,"9196615,9196629,9200320","Apparel,Apparel,Apparel"
20210121,6173273971,"9188234,9200364,9197814,9197586","Apparel,Shop by Brand,Accessories,Campus Collection"
20210121,7150931070,"9200600,9196608,9196689,9196615","Lifestyle,Apparel,Apparel,Apparel"
20210121,6745358955,9185002,Office
20210121,5339448375,"9196732,9195739,9195359,9195835","Apparel,Apparel,Accessories,Lifestyle"
20210121,980900848,"9188256,9184981,9184829,9195846","Apparel,Notebooks & Journals,Writing Instruments,Clearance"
20210121,3234168181,"9197813,9184749,9196844,9197811,9196270","Accessories,Accessories,New,Accessories,Small Goods"
20210121,2739337173,"9197396,9197400,9196977,9196976,9196949,9197397","Campus Collection,Campus Collection,,,Campus Collection,Campus Collection"
20210121,245658449,"9196736,9188208,9196755,9196780,9196745,9199207","Apparel,Bags,Apparel,Apparel,Apparel,Shop by Brand"
20210121,7415644027,"9196871,9196859,9196862,9196783,9196894,9195712,9195941,9196875","New,New,New,New,Accessories,Apparel,Bags,New"
20210121,5386384455,9196617,Apparel
20210121,9205739218,9196665,Apparel
20210121,3260905267,"9184981,9195966","Notebooks & Journals,Accessories"
20210121,5783839239,"9196976,9196921,9196949","Campus Collection,Campus Collection,Campus Collection"
20210121,2760203514,"9196875,9196847,9196894","New,Apparel,Accessories"
20210121,9869834972,"9190330,9196635,9196638,9195800",",Apparel,Apparel,Apparel"
20210121,1726622047,"9196923,9196944,9196921,9196943,9196922","Campus Collection,Campus Collection,Campus Collection,Campus Collection,Campus Collection"
20210121,9202379447,"9195244,9195248,9196629,9196614,9196602","Apparel,,Apparel,Apparel,Apparel"
20210121,8886285089,"9199127,9195911,9196652,9196389,9195882","Shop by Brand,Apparel,New,,Apparel"
20210121,6344518971,"9180827,9196785,9180826,9195130,9196712,9180825","Uncategorized Items,New,Uncategorized Items,Apparel,Apparel,Uncategorized Items"
20210121,6132334268,"9180865,9195846,9196615,9195844,9195936,9196805","Office,Clearance,Apparel,Stationery,Stationery,Apparel"
20210121,5396479168,9196652,New
20210121,9094747873,9196712,Apparel
20210121,1040499224,9196613,Apparel
20210121,8788660449,9196895,Accessories
20210121,9957255508,"9196728,9196733","New,Apparel"
20210121,5922068925,"9196663,9196629","Apparel,Apparel"
20210121,7728348081,"9196615,9184914,9195197,9185002","Apparel,Apparel,Apparel,Office"
20210121,9206606636,"9196664,9196270,9184988,9195251","Apparel,Small Goods,Accessories,Apparel"
20210121,5014177703,"9196868,9185002,9195941,9190330,9196652,9196862",",Office,Bags,Apparel,New,New"
20210121,7810894334,"9197713,9188310,9196420,9184829,9184749,9197946","Clearance,Accessories,Apparel,Writing Instruments,Accessories,Campus Collection"
20210121,9375832005,"9197456,9195835,9188233,9196389,9180823,9196868,9195292","Lifestyle,Lifestyle,Accessories,Bags,Fun,New,Drinkware"
20210121,8231116642,"9188201,9180865,9196978,9184829,9197005,9196951,9197426,9200316,9196923,9197399,9188233","Office,Office,Campus Collection,Writing Instruments,Campus Collection,Campus Collection,Campus Collection,Shop by Brand,Campus Collection,Campus Collection,Accessories"
20210122,5295331022,9196642,Apparel
20210122,4114996776,9188227,Bags
20210122,1398344983,9188234,Apparel
20210122,1332390292,9196383,Drinkware
20210122,3645927043,9196383,Drinkware
20210122,782437652,9195295,Accessories
20210122,4950284101,9198447,Small Goods
20210122,2233081804,9196855,New
20210122,4603280606,"9196691,9196709","Apparel,Apparel"
20210122,5054562173,"9196615,9196786","Apparel,New"
20210122,9776783551,"9188234,9195551,9196615","Apparel,Uncategorized Items,Apparel"
20210122,3009191626,"9195245,9200199,9195248","Apparel,Shop by Brand,Apparel"
20210122,750773570,"9196426,9196959,9196445","Apparel,Campus Collection,Apparel"
20210122,2653546935,"9195948,9195553,9195130,9195971,9180819","Apparel,Uncategorized Items,Apparel,Accessories,"
20210122,2878814978,"9196849,9196848,9195296,9196821,9200600","Apparel,Apparel,Accessories,Apparel,Lifestyle"
20210122,1061106669,"9188208,9195946,9196705,9195927,9195031,9180867,9188315,9195739,9188209","Bags,Bags,New,Accessories,Drinkware,Shop by Brand,Accessories,Apparel,Bags"
20210122,1530073986,9194259,Accessories
20210122,1593465707,9195912,Apparel
20210122,9782960347,9196419,Apparel
20210122,3564770824,9195551,Uncategorized Items
20210122,3396878861,9195830,Lifestyle
20210122,8181295067,9196738,New
20210122,5133040973,9197713,Clearance
20210122,637234245,9195741,Apparel
20210122,3801109542,"9195794,9195742","Apparel,Apparel"
20210122,8511959958,"9196858,9197368","Clearance,Campus Collection"
20210122,5313742573,"9197387,9196967,9196994,9197398","Clearance,Campus Collection,Campus Collection,Campus Collection"
20210122,2366556274,"9196894,9195939,9196858,9197426","Accessories,Office,Clearance,Campus Collection"
20210122,7284641104,"9196832,9199225,9185002,9200314,9195841","Apparel,Shop by Brand,Office,Shop by Brand,Lifestyle"
20210122,54914425,"9195712,9199077,9195197,9195198,9199225,9199224","Apparel,Apparel,Apparel,Apparel,Shop by Brand,Drinkware"
20210122,6891587030,"9196445,9195941,9184850,9195741,9184858,9196732","Apparel,Bags,Clearance,Apparel,Clearance,Apparel"
20210122,4203422544,"9196380,9199082,9184830,9195835,9196382,9196738,9195936,9184829,9196617,9197456,9195945","Office,Bags,,Lifestyle,Bags,New,Stationery,Writing Instruments,Apparel,Lifestyle,Bags"
20210122,6703405147,9196608,Apparel
20210122,8978076240,9195555,Uncategorized Items
20210122,2794392060,9196738,New
20210122,9130569770,9195032,Drinkware
20210122,982407412,9196733,Apparel
20210122,7969767939,9196710,Apparel
20210122,7622668215,"9188234,9195712","Apparel,Apparel"
20210122,584719410,"9197759,9196383","Bags,Drinkware"
20210122,6664617503,"9195031,9196427","Drinkware,Apparel"
20210122,5094297791,"9197718,9196652","Bags,New"
20210122,6653343147,"9200710,9188233,9195971","Lifestyle,Accessories,Accessories"
20210122,2190237209,"9196710,9195551,9196647","Apparel,Uncategorized Items,Apparel"
20210122,3243380826,"9196822,9196722,9195236","Apparel,Apparel,Apparel"
20210122,3030884071,"9196412,9197968,9180865,9197591,9195847,9196427,9188315","Apparel,Campus Collection,Office,Clearance,Stationery,Apparel,Accessories"
20210122,212838509,9195961,Lifestyle
20210122,2429170652,9196742,Apparel
20210122,7061575594,9196738,New
20210122,6474642604,9196712,Apparel
20210122,1176501244,9196712,Apparel
20210122,4977557483,9196711,Apparel
20210122,5661649453,"9184831,9184981","Writing Instruments,Notebooks & Journals"
20210122,7342852809,"9196908,9197592,9195941","Apparel,Clearance,Bags"
20210122,1810358638,"9196711,9195830,9196875","Apparel,Lifestyle,New"
20210122,7055906220,"9180818,9196636,9200320","Office,Apparel,Apparel"
20210122,5085145915,"9197759,9196858,9188234,9188234,9197759,9196858","Bags,Clearance,Apparel,Apparel,Bags,Clearance"
20210122,7161106175,"9196867,9196951,9197426,9200600","Clearance,Campus Collection,Campus Collection,Lifestyle"
20210122,8004377427,"9196421,9188227,9195962,9196850","Apparel,Bags,New,Apparel"
20210122,4815917600,"9200600,9196895,9196652,9196777,9195949","Lifestyle,Accessories,New,Apparel,Apparel"
20210122,7126747737,"9188206,9195842,9188201,9195847,9196664,9200362","Accessories,Stationery,Office,Stationery,Apparel,Shop by Brand"
20210122,4854355919,"9195031,9195208,9196832,9184831,9180865,9196977,9184830","Drinkware,Apparel,Apparel,Writing Instruments,Office,Campus Collection,Writing Instruments"
20210122,3405129238,"9184829,9190330,9196832,9196636,9195245,9184831,9195927","Writing Instruments,Apparel,Apparel,Apparel,Apparel,Writing Instruments,Accessories"
20210122,4474537697,"9196995,9199084,9196735,9196437,9196442,9196440,9196270,9184916","Campus Collection,Google,Apparel,Apparel,Apparel,Apparel,Small Goods,Uncategorized Items"
20210122,3551271638,9196380,Office
20210122,3394869969,9195390,Apparel
20210122,5609082414,9195825,Apparel
20210122,1754027487,9195830,Lifestyle
20210122,2923390242,9196383,Drinkware
20210122,4203468655,"9196616,9196616","Apparel,Apparel"
20210122,7641364637,"9195552,9195554",",Uncategorized Items"
20210122,1551688393,"9195830,9188197","Lifestyle,Electronics Accessories"
20210122,5135529026,"9195551,9196629","Uncategorized Items,Apparel"
20210122,4870043196,"9196782,9196894","New,Accessories"
20210122,511406947,"9180867,9196867,9188192","Shop by Brand,Clearance,Apparel"
20210122,9227161173,"9200362,9200319,9195936","Shop by Brand,Apparel,Stationery"
20210122,4854702029,"9188256,9196780,9196872","Apparel,Apparel,Clearance"
20210122,1036861764,"9198448,9188227,9195359,9194259","Small Goods,Bags,Accessories,Accessories"
20210122,3155177346,"9197713,9197706,9196785,9196867,9197591","Clearance,Clearance,New,Clearance,Clearance"
20210122,3492682177,"9188227,9197400,9188315,9196738,9196856,9196810","Bags,Campus Collection,Accessories,New,Clearance,Apparel"
20210122,2290771091,9195879,Apparel
20210122,8387438002,9195830,Lifestyle
20210122,2144082956,9195140,Bags
20210122,742134906,"9196420,9196905","Apparel,Apparel"
20210122,1751294558,"9195962,9197718","New,Bags"
20210122,5079319279,"9196423,9190330,9196430","Apparel,Apparel,Apparel"
20210122,4246496096,"9196785,9195964,9196724","New,New,Apparel"
20210122,3157514146,"9196422,9195359,9196802","Apparel,Accessories,New"
20210122,6273435804,"9195250,9195251,9196968","Apparel,Apparel,Campus Collection"
20210122,5356110596,"9195295,9196949,9195913,9184830,9184831","Accessories,Campus Collection,Apparel,Writing Instruments,Writing Instruments"
20210122,8519402147,"9196616,9196723,9196724,9196648,9196891,9196676","Apparel,Apparel,Apparel,Apparel,Accessories,New"
20210123,231494891,9195841,Lifestyle
20210123,8216746811,"9196738,9195032","New,Drinkware"
20210123,7042038701,"9196784,9196867,9188208","Small Goods,Clearance,Bags"
20210123,8585779849,"9196736,9196413,9197759","Apparel,Apparel,Bags"
20210123,4202495226,"9196615,9195251,9195229,9195793,9195252,9195966,9195250,9196624,9196616,9195230,9195913,9196664","Apparel,Apparel,Apparel,Apparel,Apparel,Accessories,Apparel,Apparel,Apparel,Apparel,Apparel,Apparel"
20210123,9875594526,9196709,Apparel
20210123,9387255261,9199224,Drinkware
20210123,5891672214,"9196270,9195296","Small Goods,Accessories"
20210123,5477477361,"9197397,9199204,9199131","Campus Collection,Shop by Brand,Shop by Brand"
20210123,7110266619,"9195971,9195359,9196893,9199130,9196784,9188315,9196872,9188221","Accessories,Accessories,Accessories,Shop by Brand,Small Goods,Accessories,Clearance,Bags"
20210123,4461053728,9196617,Apparel
20210123,9321316271,"9200199,9200710","Shop by Brand,Lifestyle"
20210123,1843860101,"9199131,9188234,9184915","Shop by Brand,Apparel,Uncategorized Items"
20210123,2285962801,"9200321,9196652,9197569,9196664","Apparel,New,,Apparel"
20210123,2388563910,"9196858,9196270,9196863,9195941,9195938","Clearance,Small Goods,Clearance,Bags,Office"
20210123,5917839020,9199225,Shop by Brand
20210123,7548878670,9200600,Lifestyle
20210123,7016413786,9188315,Accessories
20210123,6263469986,9188233,Accessories
20210123,1148578541,9195031,Drinkware
20210123,6628685028,"9184981,9195841","Notebooks & Journals,Lifestyle"
20210123,7614388331,"9195971,9200600,9194259,9196270,9180819","Accessories,Lifestyle,Accessories,Small Goods,Google"
20210123,4722153000,"9188264,9195551,9184866,9196636,9196647,9184842","Clearance,Uncategorized Items,Clearance,Apparel,Apparel,Clearance"
20210123,5884655377,"9184829,9196696,9184831,9195031,9196653,9196700,9184858","Writing Instruments,Apparel,Writing Instruments,Drinkware,New,Apparel,Clearance"
20210123,8734786547,"9188311,9197566,9198447,9196870,9197423,9188310,9197567,9180819,9195959,9188197","Accessories,Campus Collection,Small Goods,Clearance,Campus Collection,Accessories,Campus Collection,Google,Bags,Electronics Accessories"
20210123,6346464152,9195032,Drinkware
20210123,8443894739,9197004,Campus Collection
20210123,9196764013,9185152,Uncategorized Items
20210123,9697085118,"9196663,9196615","Apparel,Apparel"
20210123,9749588450,"9197586,9194259,9195831,9197569,9197400,9188191,9196785","Campus Collection,Accessories,Lifestyle,Campus Collection,Campus Collection,Drinkware,New"
20210123,8908762182,9196733,Apparel
20210123,7420814023,9196427,Apparel
20210123,5874560736,9196858,Clearance
20210123,5397646217,"9195551,9195552,9195554","Uncategorized Items,Uncategorized Items,Uncategorized Items"
20210123,2191501790,"9180865,9196859,9196775","Office,New,Apparel"
20210123,1711778669,"9184842,9195548,9195070","Clearance,Drinkware,Uncategorized Items"
20210123,1969562639,"9196798,9188201,9188315,9197397","New,Office,Accessories,Campus Collection"
20210123,586969988,"9195830,9196867,9197567,9188194","Lifestyle,Clearance,Campus Collection,Accessories"
20210123,4411299925,"9188201,9188229,9188228,9196676,9196650,9195131","Office,Google,Google,New,Apparel,Apparel"
20210123,5389363725,"9184981,9188197,9196895,9197811,9188207,9196871","Notebooks & Journals,Electronics Accessories,Accessories,Accessories,Accessories,New"
20210123,5394399799,"9196614,9195553,9200364,9196785,9197004,9196268,9196617,9195550,9195292","Apparel,Uncategorized Items,Shop by Brand,New,Campus Collection,New,Apparel,Uncategorized Items,Drinkware"
20210124,7408195381,"9200362,9188198,9196653,9200320,9200364","Shop by Brand,Accessories,New,Apparel,Shop by Brand"
20210124,1555718959,"9195959,9195919,9196655,9196889,9196653,9197759,9196615","Bags,Uncategorized Items,Apparel,Accessories,New,Bags,Apparel"
20210124,252525656,"9199126,9196871,9197720,9196784,9197423,9196786,9196676,9195830,9188315","Shop by Brand,New,Bags,Small Goods,Campus Collection,New,New,Lifestyle,Accessories"
20210124,2287151824,"9199131,9200321","Shop by Brand,Apparel"
20210124,864693032,"9195548,9195292,9195389","Drinkware,Drinkware,Apparel"
20210124,7863938924,"9197586,9188209,9197603,9196871","Campus Collection,Bags,Campus Collection,New"
20210124,1701228605,"9197947,9184830,9195735,9197004","Campus Collection,Writing Instruments,Apparel,Campus Collection"
20210124,4181705983,"9194259,9196857,9196752,9196653,9196799","Accessories,New,Apparel,New,New"
20210124,2348897667,9196734,Apparel
20210124,5135166254,9190330,Apparel
20210124,5624585118,"9188234,9197398","Apparel,Campus Collection"
20210124,3772823509,"9196783,9196711,9196782","New,Apparel,New"
20210124,8873172750,9200320,Apparel
20210124,2688887906,9196616,Apparel
20210124,9021801516,9200364,Shop by Brand
20210124,2725567312,9195798,Apparel
20210124,6040723997,"9196863,9184829,9197396","Clearance,Writing Instruments,Campus Collection"
20210124,8346162501,"9195031,9200321,9180865","Drinkware,Apparel,Office"
20210124,7033145892,"9188310,9184979,9184830,9195359,9195941","Accessories,Notebooks & Journals,Writing Instruments,Accessories,Bags"
20210124,5630831673,9195971,Accessories
20210124,9683102593,9200321,Apparel
20210124,1787276575,9188234,Apparel
20210124,6108754040,"9195553,9195552","Uncategorized Items,Uncategorized Items"
20210124,3239314619,"9194259,9196613,9188197,9188315","Accessories,Apparel,Electronics Accessories,Accessories"
20210124,7683131978,"9199079,9196711,9196638,9196713,9196891,9196270,9196621","Apparel,Apparel,Apparel,Apparel,Accessories,Small Goods,Apparel"
20210124,648019596,"9197426,9180867,9195945,9196863,9196785,9188208,9196628,9188310","Campus Collection,Shop by Brand,Bags,Clearance,New,Bags,Apparel,Accessories"
20210124,9523156625,9199082,Bags
20210124,4836975156,9195552,Uncategorized Items
20210124,139515532,9195200,Apparel
20210124,2478221720,"9196725,9195252","Apparel,Apparel"
20210124,1215594908,"9195031,9180865,9200319","Drinkware,Office,Apparel"
20210124,5085473533,"9195211,9196614,9180819",",Apparel,Google"
20210124,9422281940,"9195967,9195966,9196382,9195968","Accessories,Accessories,Bags,Accessories"
20210124,6459274558,"9184829,9195741,9197592,9188315,9184831,9197602,9184830,9197600,9195296,9200321,9184832,9198448,9196859,9196895,9195295,9188197,9199131","Writing Instruments,Apparel,Clearance,Accessories,Writing Instruments,Campus Collection,Writing Instruments,Clearance,Accessories,Apparel,Writing Instruments,Small Goods,New,Accessories,Accessories,Electronics Accessories,Shop by Brand"
20210125,1334183247,9195738,Apparel
20210125,9942717540,"9196867,9196427","Clearance,Apparel"
20210125,2441277428,"9197955,9196636,9197392","Campus Collection,Apparel,Clearance"
20210125,2781137405,"9185149,9184866,9200710,9196380","Uncategorized Items,Clearance,Lifestyle,Office"
20210125,5135033911,"9195945,9197719,9196868,9196706","Bags,Bags,New,New"
20210125,1664773926,"9199126,9196977,9197569,9180867,9195550","Shop by Brand,Campus Collection,Campus Collection,Shop by Brand,Uncategorized Items"
20210125,2971675833,"9195945,9195835","Bags,Lifestyle"
20210125,3732941480,"9200710,9184914","Lifestyle,Apparel"
20210125,9373092026,"9195552,9196648","Uncategorized Items,Apparel"
20210125,3474189218,"9195912,9195941,9188310","Apparel,Bags,Accessories"
20210125,860064509,"9197946,9196664,9195248","Campus Collection,Apparel,Apparel"
20210125,5944863841,"9196710,9184914,9196615","Apparel,Apparel,Apparel"
20210125,2159798150,"9188233,9196786,9188234,9196717,9200320","Accessories,New,Apparel,Apparel,Apparel"
20210125,3467180431,9200710,Lifestyle
20210125,8177156089,9196711,Apparel
20210125,8729645226,"9188192,9195791","Apparel,Apparel"
20210125,5458907709,"9195196,9196700","Apparel,Apparel"
20210125,6315996685,"9195714,9195830,9195912",",Lifestyle,"
20210125,4548947157,"9200362,9200364,9184831","Shop by Brand,Shop by Brand,Writing Instruments"
20210125,4880019417,"9197567,9180819,9196875","Campus Collection,Google,New"
20210125,6006010177,"9195031,9180865,9200320","Drinkware,Office,Apparel"
20210125,6718452854,"9196922,9196380,9196943","Campus Collection,Office,Campus Collection"
20210125,924061931,"9180818,9196615,9197947","Office,Apparel,Campus Collection"
20210125,3014313428,"9195927,9180867,9197603,9180827,9197569","Accessories,Shop by Brand,Campus Collection,Uncategorized Items,Campus Collection"
20210125,6191666996,"9195835,9196663,9196616,9190330,9195948,9196664","Lifestyle,Apparel,Apparel,Apparel,Apparel,Apparel"
20210125,2472533525,"9180867,9196844,9195032,9180819,9196270,9195203,9188201,9195550,9195968,9188209,9196864","Shop by Brand,New,Drinkware,Google,Small Goods,Apparel,Office,Uncategorized Items,Accessories,Bags,New"
20210125,2501373699,9195835,Lifestyle
20210125,2087940189,9195841,Lifestyle
20210125,9422577976,"9184829,9197387,9195966,9197396","Writing Instruments,Clearance,Accessories,Campus Collection"
20210125,9949793904,"9197423,9195553,9188234,9196649","Campus Collection,Uncategorized Items,Apparel,Apparel"
20210125,9572623911,"9196859,9195845,9180865,9200362,9195842","New,Stationery,Office,Shop by Brand,Stationery"
20210125,1316995983,9199220,Apparel
20210125,7543218583,9199220,Apparel
20210125,4430802900,9184916,Uncategorized Items
20210125,6930172236,"9188234,9196648,9195553","Apparel,Apparel,Uncategorized Items"
20210125,7915408905,"9196785,9196725,9185151","New,Apparel,Uncategorized Items"
20210125,9930166593,"9180865,9200319,9195031","Office,Apparel,Drinkware"
20210125,8108598458,"9195741,9195949,9196734","Apparel,Apparel,Apparel"
20210125,401913056,"9194988,9195250,9195548,9196867","Apparel,Apparel,Drinkware,Clearance"
20210125,1443114188,"9196630,9188207,9188233,9195830,9199224","Apparel,Accessories,Accessories,Lifestyle,Drinkware"
20210125,9974289227,"9196782,9198448,9195031,9197569,9195835,9197947,9195927","New,Small Goods,Drinkware,Campus Collection,Lifestyle,Campus Collection,Accessories"
20210125,6900789985,9196615,Apparel
20210125,1994682443,9196664,Apparel
20210125,5657801233,9196738,New
20210125,5308640195,9195551,Uncategorized Items
20210125,478240433,9195553,Uncategorized Items
20210125,241277339,"9196977,9197368","Campus Collection,Campus Collection"
20210125,4017156989,"9195941,9196863","Bags,Clearance"
20210125,9880060577,"9180865,9195031,9200319","Office,Drinkware,Apparel"
20210125,898503558,"9197946,9197947,9180819","Campus Collection,Campus Collection,Google"
20210125,5884265343,"9188201,9195292,9196734,9184829","Office,Drinkware,Apparel,"
20210125,5459818147,"9184842,9196405,9184850,9195552","Clearance,Apparel,Clearance,Uncategorized Items"
20210125,703129572,"9180819,9196691,9188234,9180867,9185155","Google,Apparel,Apparel,Shop by Brand,Uncategorized Items"
20210126,4260870052,9185002,Office
20210126,2928669194,"9196742,9195971,9196616,9195552","Apparel,Accessories,Apparel,Uncategorized Items"
20210126,2824315802,"9196835,9197380,9197400,9197586,9197955,9197569","Apparel,Clearance,Campus Collection,Campus Collection,Campus Collection,Campus Collection"
20210126,1154910245,9196901,Drinkware
20210126,2822216424,"9196419,9196764","Apparel,Apparel"
20210126,6466248274,"9196858,9188230","Clearance,Office"
20210126,2674226125,9196647,Apparel
20210126,2948907996,9195712,Apparel
20210126,8139735564,"9185149,9196648","Uncategorized Items,Apparel"
20210126,2606036527,"9196856,9196731,9196847,9195971,9188233","Clearance,Apparel,Apparel,Accessories,Accessories"
20210126,1162441252,9196732,Apparel
20210126,6247808608,9196616,Apparel
20210126,2019397799,"9196705,9195209,9196785","New,,New"
20210126,8763440065,"9195959,9195553,9188310,9195846","Bags,Uncategorized Items,Accessories,Clearance"
20210126,9235339125,9196712,Apparel
20210126,7004370396,9200600,Lifestyle
20210126,1697925196,"9197586,9197399,9197400","Campus Collection,Campus Collection,Campus Collection"
20210126,2202560364,"9188194,9200710,9188233","Accessories,Lifestyle,"
20210126,3462900477,"9196451,9196444,9196445,9196454","Apparel,Apparel,Apparel,Apparel"
20210126,6785150285,9195292,Drinkware
20210126,9457594371,9196734,Apparel
20210126,7125824059,"9196967,9195830,9200344,9184830,9195939","Campus Collection,Lifestyle,Shop by Brand,Writing Instruments,Office"
20210127,4893035703,9198448,Small Goods
20210127,1036593171,9180865,Office
20210127,3345930914,9200710,Lifestyle
20210127,9523978626,9200364,Shop by Brand
20210127,4680427421,9188234,Apparel
20210127,8859568554,9195359,Accessories
20210127,4501934793,9195359,Accessories
20210127,2522935178,9196383,Drinkware
20210127,9052521462,9196862,New
20210127,5546472244,9197368,Campus Collection
20210127,4872903143,9180818,Office
20210127,1581551193,9200710,Lifestyle
20210128,532953002,9200199,Shop by Brand
20210128,6708121849,"9180819,9197947","Google,Campus Collection"
20210128,9065001495,"9195844,9188201,9195842,9184829","Stationery,Office,,Writing Instruments"
20210128,8543148668,"9200600,9200710","Lifestyle,Lifestyle"
20210128,7521974472,9188192,Apparel
20210129,1199516774,9190336,Accessories
20210129,8320892022,9200710,Lifestyle
20210129,2755524324,9197584,Campus Collection
20210129,8445099076,9184981,Notebooks & Journals
20210129,1227073175,"9196844,9196270,9188313,9188311,9200600,9180819,9196845,9196798,9184749,9188310","New,Small Goods,Accessories,Accessories,Lifestyle,Google,New,New,Accessories,Accessories"
20210129,9433880566,"9196653,9188234","New,Apparel"
20210130,7910715067,"9188201,9195959,9195032","Office,Bags,Drinkware"
20210130,9314866619,"9190336,9188192","Accessories,Apparel"
20210130,9163217497,"9197812,9197814","Accessories,Accessories"
20210130,949966169,9195835,Lifestyle
20210130,2662965792,"9195835,9197400,9200600","Lifestyle,Campus Collection,Lifestyle"
